Name,Sequence,short_name,mpnn_colabfold,mpnn_af3,profam_ll,Expression (uM)_value,Expression (uM)_detected,Mean slope (deltaA/min),SD slope (deltaA/min),Purified concentration (uM)_value,Purified concentration (uM)_detected,PET final (uM)_value,PET final (uM)_detected,PET_mean_deltaA,PET_std_deltaA,PET_n_replicates,closest_wt,min_edit_distance_to_closest_wt,mean_plddt,tm_score_norm_wt
profam_3304-1.057,MFQKGPNPTTASAAAVDGPYANGQSSVNGGSGFAGGQIYYPNNTNQGKFAVIAISPGYTASWGSVSWLGPRIASNGFVVVTIDTNSRNDIDPARGTQIMAALDWLTQQSAVRSRVDSSRMAVMGHSMGGGGAVQAAEERNSIKAAVGLAPWSGTSNWASVTKPTLFFGGEKDTIASPANHSKPFYDSLSTAEKAYIEVRNADHFAPTSSNNQMSAYYTSWLKRWIDNDLRYTQFTCPGPSTGIFSPVTSMNSCPFLE,p3304-1.057,1.499019742012024,1.5539500713348389,-1.057,2.5,False,0.002067803,0.00109938,2.145840007,True,0.171667201,True,0.004066666666666667,0.012504532511586883,3,CaPETase,109.0,96.51,0.9488
profam_4500-1.490,MTDPPPSDEPLSPTAENTTGPFAVGTRPVRTGPGWGAGVVYYPTDTTQPPFGVVVVAPGYATTRSSLEWMGPRLASHGFVTIDIDTNSTLDRPASRADQLLAALDHLLSESPARARIAASRLGLAGHSMGGGGTVAAAERRTALKATVALAPFDPVSDFSGVRVPTMLLAGQHDTTVPPDLVPGFYGAAGASASLAYLELAGGDHFFPGGPLTTLASAVTPWLTRHLDSPRSPFLCPLTGGGTAVHSACPFLE,p4500-1.490,1.5546836853027344,1.5295913219451904,-1.49,2.5,False,0.002230065,0.002489893,2.0,False,0.16,False,-0.0019333333333333331,0.002289832599412746,3,407,136.0,83.46,0.9026
profam_1467-1.889,MDGTIPTALRRSFGGGRIFYPTNVDRGDHPVIAVTPGWIERYTWTWLGPRLASHGFVVVGAQVDSQDAARLRVVLDWAGEHVDALTADDTRVAAAGWSMGGAAALAALESRADVGGGLALSPWRADVPWARVSVPTALVSGQFDGAALDAVAFAAPEKHIGLVDADHFDFADPVQAAAEWLVLLDSDAPVSGSALRSALAP,p1467-1.889,1.7363545894622803,1.6695319414138794,-1.889,2.5,False,0.006086504,0.002799038,3.430489624,True,0.27443917,True,0.007666666666666666,0.00838112959769346,3,Kubu-PETase,161.0,77.09,0.6546
profam_4454-0.954,MADSPYQRGPDPTRASIEASTGSFTTVSTTVPAGYGFGAGLIYYPTDTSQGTFGAIAITPGYTALWATEAGWMGPRLASHGFVVIGIETNSTLDYPSSRADQLMAALNHAVTTAPASTRAKVDATRRGVMGWSMGGGGSLIATATSPSLKAVVGIAPFDPGGTMGGLRIPTMVLAGQHDGVTPPASTQPFYASLSSPTKKAYLELADANHFFPTTANPTMSKAIVSWLKRFVSNDVRFTPFVCGGHQSGIATCPILE,p4454-0.954,1.486710786819458,1.4598721265792847,-0.954,2.5,False,0.007309789,0.002190908,2.117303303,True,0.169384264,True,-0.0007000000000000001,0.005896609195122228,3,407,111.0,92.12,0.9578
profam_4202-1.356,MLPGAEIGLGPASADVEGGGDFAVETVRVGGAAGYGGGRIYFPTAADATYPAVAVVPGYTASWRAIGWLGPRLASWGFVVVGIETNNSGDSETRRGRQLLAALDHATRLAGVDSRIDRGRLAVTGWSMGGGGALTAAIREPGLKAVVGLAPWNTGETTSDIDAPVLLMGGQNDPVAPVSDHAVPFFNALTGPTADSYLELRGANHSFPTGDNSVVRRKAIAWLRRFLAGDDRYEPFACPVSQYRDTACALE,p4202-1.356,1.5027889013290405,1.4846526384353638,-1.356,2.5,False,0.004461067,0.000490754,2.0,False,0.16,False,0.0002999999999999999,0.0014,3,Kubu-PETase,132.0,89.59,0.9036
profam_3348-1.838,TLLAESPIERVAAPTDAVVFTPATYPLEPISGYRGGYIYYPPSVSGPFPLVAVSPGYTTTEIDAAWWGAELASQGFAVLAPETSSQLQAALNDLSAATPVRDRVDSTRLGVIGHSMGGGGALLAGAQQAGLKALIALAPWRTDTRLSAVTMPVLLLASDEDSIAPVSDHASPLYAALTRQTEKLYAELPGGSHFSIGTDAPGLGAVLLRWAARALRGEPVFDRYACPLSDTGASEYARDCGAR,p3348-1.838,1.7148582935333252,1.6203205585479736,-1.838,2.5,False,0.005021973,0.002340548,2.0,False,0.16,False,0.013966666666666667,0.010960991439342215,3,Mipa-PETase,157.0,77.95,0.8201
profam_4318-1.106,MADPYQRGPDPTSPGTADGPFDSSSSDVSEAAGFGGGMVYYPTDDEGYPVVAISPGYTRDWTTLGWFGARLASHGFVVVGIDTTSRYDMPPERGDQLFAALDAASAPEAVRDRVDATRQGVAGWSMGGGGTRRAAMQRPSLKATVGLAPWNDDRDWTAVSVPTLLVGGSADSIAPVAGHAIPFYSSVDSGRKAYVELAGEAHSFPTSANPVVSRAAVAWFRRFVDDDGRLTPFLCGSTGMVSSRASCPLLD,p4318-1.106,1.403412938117981,1.4176437854766846,-1.106,2.5,False,0.00475543,0.004751688,2.0,False,0.16,False,0.01883333333333333,0.02217438462129972,3,Mipa-PETase,110.0,91.38,0.9299
profam_2851-0.399,MADRSDHAPTAANIVGDGSFATTSSAITGQSGFGGGTIYYPTAAGSYPVVAVVPGFTSTWAQVSWLGPRVASWGFVVVGVDTNSGFDSPSQRATQLLAALNWAVSSAPAAVRDKVDGTRRGVAGWSMGGGGTLEALARDTTGTVKAGVPLAPWNSGQDFSKVTKPVFIVGAQNDAVAPVANHAVPFYNAVAGQKSYLELAGADHFFPNSTNPTVSRAMVSWLKRFVSSDDRFTPFTCGFAGAAVSNFRSTACLE,p2851-0.399,1.2436143159866333,1.2647258043289185,-0.399,2.5,False,0.008595502,0.00241829,2.214349466,True,0.177147957,True,-0.027433333333333334,0.04482971484778074,3,Kubu-PETase,34.0,96.68,0.9891
profam_4436-0.105,MADQVGQAPTAANITGDGSFATASAPITGQSGFGGGTVYYPTAAGRYPVVAVVPGFVSTWSQISWLGPRVASWGFVVVGIETNSGFDSPSQRADELLAALNWAVNSAPAAVRDKVDGTRRGVAGWSMGGGGTLEALAKDTTGTVKAGVPLAPWDIGQDFSKVTKPVFIVGAQNDTIAPPAQHAIPFYNAAAGPKSYLELAGADHFFPTTANPTVSRAMVSWLKRFVSSDDRFTPFTCGFTGAAVSAFRSTACLE,p4436-0.105,1.1473588943481445,1.1566100120544434,-0.105,4.25,True,0.075696445,0.006913884,2.889738986,True,0.231179119,True,0.30479999999999996,0.06180113267570426,2,Kubu-PETase,9.0,96.88,0.9992
profam_830-0.692,MPDNPHQPGPDPTRTSVAATTGAFATTTTAIATGYGFSGGRIYYPTDTTQGTFGAIAISPGYTANWGAESAWLGPWLASHGFVVIGIDTLSRNDFDPVRGAELLAALDHLTQRSAVRDRVDPSRLAVAGHSMGGGGALSAAVRRPTLKATVGLAPFSPSSNLNGMRVPTMLFGGQADTTVAPSSVANLYNSLPGATQNAYLEVAGAEHGFPVGRSNSVMVRTVLPWLKMYVDHDARYTQFLCPLLDNTGIVTYRSTCPLLE,p830-0.692,1.2959195375442505,1.293230414390564,-0.692,2.5,False,0.000475099,0.002541471,2.475316077,True,0.198025286,True,-0.0087,0.008057915363169311,3,WP_091553551.1,64.0,96.28,0.9958
profam_903-1.703,MADSPEQGGALSQALLTNGNGQGIIYSPADTANGRFGVIAVSPGYTASWAELDWFASRLASRGFVVLGLNTNSNDMDTERGRQVLAALDYLAKSKQVADVDSSRVGIMGHSMGGGGALYAASKRSDLKAAIALSPFNGTTDLARVKVPTLLLVGQLDNLAPPSNGEALYNSADAAKKSFITLRREGHGWVAGQPNTIMSRVVPWFDQWLKGQTRFTKFACKPNTGIKDLQPSGCPY,p903-1.703,1.6378566026687622,1.649426817893982,-1.703,2.5,False,0.000325459,0.003083623,2.593157634,True,0.207452611,True,0.0010333333333333334,0.004400378771575617,3,407,141.0,89.37,0.8526
profam_2008-0.239,MADNPYQRGPDPTRTSVASSNGPFATAATSVPSGYGFGAGMIYYPTDTTQGTFGAIAISPGYTSTWAAEGAWMGHWLASFGFVVIGIDTINRNDWDTTRGTQLLAALDYLTQRSTVRDRVDASRLAVMGHSMGGGGAMYAALQRPSLKAAVGLAPFSPSQNLASMRVPTMLLAGQHDTTTTPASITSLYNGIPATTEKAYLELSGAGHGFPTSNNSVMMRKVIPWLKIFVDSDVRYTQFLCPLLDNTGIRSYQSTCPLLE,p2008-0.239,1.3637945652008057,1.3329046964645386,-0.239,2.5,False,0.002425528,0.001162667,2.802087167,True,0.224166973,True,-0.0032999999999999995,0.010887148386974433,3,407,18.0,97.2,0.9982
profam_1868-0.634,MANPYQRGPDPTRASITAVTGPFAVTTTTVPGGFGFTGGTVYYPTDTSQGTFGGIAVAPGYTAVWSAELAWLGPWLASHGFVVIGIETNSRNDFDTARGTQLMAALDYLTQQSPVRARVDANRLGVSGHSMGGGGALAAAATRPGLKAAVGIAPYSPTSNLNTEPVPTMIFAGQADSIVSPGFAAGLYNSLPATTEPVYLEVPGAAHGFMIGSSNAVMIRTMLPFLKMFIDNDTRYSQFLCPLMDGTGVTSYRSTCPLLE,p1868-0.634,1.290792465209961,1.2980951070785522,-0.634,2.5,False,0.008768054,0.001286014,2.49697355,True,0.199757884,True,0.006866666666666667,0.013950746694472426,3,WP_091553551.1,53.0,96.18,0.9927
profam_1210-2.223,MRRAPPLAEGPRDTYGTTHIYVAGLTGHRFVVAIVPEWNTSWNWFSLFAALASWGLVVLDIDSESANDPAARVRSALDLLSSSDLDGRVDRRRMAVMGWSMGGGGVLGLGTRQPDVGVISAAAPFRNTDALSRPALMIGANDRAPPDALIREFVSNDLAYAAAGAEHPSHGNSMTKIAMSWLRRFVERDTRFTPYCTGAGVRDTSPRG,p1210-2.223,2.0088257789611816,1.7655774354934692,-2.223,2.5,False,0.008444695,0.000934319,2.0,False,0.16,False,0.004,0.010573079021741965,3,Mipa-PETase,165.0,72.36,0.6943
profam_5009-0.113,MADQVGQAPTAANITGDGSFATASAPITNQTGFGGGTVYYPTAAGTYPVVAVVPGFVSTWSQISWLGPRVASWGFVVVGADTTSGFDSPSQRADELLAALNWAVNSAPAAVRGKVDGTRRGVAGWSMGGGGTLEALAKDTTGTVKAGVPLAPWDIGQDFSKVTKPVFIVGAQNDTIAPPAQHAVPFYNAAAGPKSYLELAGADHFFPTTANPTVSRAMVSWLKRFVSSDDRFTPFTCGFAGAAVSAFRSTACLE,p5009-0.113,1.1449249982833862,1.154058575630188,-0.113,3.91,True,0.01733433,0.003482491,2.0,False,0.16,False,0.0147,0.04072382594992764,3,,,,
